요일,교시,시작시간,종료시간,과목명,담당교사,교실장소
월,1,09:00,09:45,국어,김국어,2-1교실
월,2,09:55,10:40,수학,이수학,2-1교실
월,3,10:50,11:35,영어,박영어,2-1교실
월,4,11:45,12:30,과학,최과학,과학실
월,5,13:30,14:15,체육,정체육,운동장
월,6,14:25,15:10,미술,강미술,미술실
월,7,15:20,16:05,창체,김담임,2-1교실
화,1,09:00,09:45,수학,이수학,2-1교실
화,2,09:55,10:40,국어,김국어,2-1교실
화,3,10:50,11:35,사회,문사회,2-1교실
화,4,11:45,12:30,음악,한음악,음악실
화,5,13:30,14:15,영어,박영어,2-1교실
화,6,14:25,15:10,과학,최과학,과학실
화,7,15:20,16:05,정보,신정보,컴퓨터실
수,1,09:00,09:45,영어,박영어,2-1교실
수,2,09:55,10:40,수학,이수학,2-1교실
수,3,10:50,11:35,국어,김국어,2-1교실
수,4,11:45,12:30,도덕,윤도덕,2-1교실
수,5,13:30,14:15,체육,정체육,체육관
수,6,14:25,15:10,기술가정,조기술,기술실
수,7,15:20,16:05,동아리,김담임,2-1교실
목,1,09:00,09:45,과학,최과학,과학실
목,2,09:55,10:40,사회,문사회,2-1교실
목,3,10:50,11:35,수학,이수학,2-1교실
목,4,11:45,12:30,국어,김국어,2-1교실
목,5,13:30,14:15,영어,박영어,2-1교실
목,6,14:25,15:10,미술,강미술,미술실
목,7,15:20,16:05,진로,김담임,2-1교실
금,1,09:00,09:45,국어,김국어,2-1교실
금,2,09:55,10:40,영어,박영어,2-1교실
금,3,10:50,11:35,수학,이수학,2-1교실
금,4,11:45,12:30,역사,문사회,2-1교실
금,5,13:30,14:15,과학,최과학,과학실
금,6,14:25,15:10,체육,정체육,운동장
금,7,15:20,16:05,자율,김담임,2-1교실
